file_a_path,file_b_path,is_equal,class_a_name,class_b_name
microbiological_associates_invoice/87104266.tif,microbiological_associates_invoice/87103743.tif,1,microbiological_associates_invoice,microbiological_associates_invoice
microbiological_associates_invoice/87103742.tif,microbiological_associates_invoice/87104266.tif,1,microbiological_associates_invoice,microbiological_associates_invoice
microbiological_associates_invoice/87104266.tif,leo_burnett_estimate_recap/2084022650.tif,0,microbiological_associates_invoice,leo_burnett_estimate_recap
microbiological_associates_invoice/87103742.tif,a_and_b_compound_results_summary/81304104.tif,0,microbiological_associates_invoice,a_and_b_compound_results_summary
screener_2/2041075660_2041075670.tif,screener_2/2041078986.tif,1,screener_2,screener_2
screener_2/2041074986.tif,screener_2/2041074724.tif,1,screener_2,screener_2
screener_2/2041078986.tif,ted_bates_print_production_estimate/0001178939.tif,0,screener_2,ted_bates_print_production_estimate
screener_2/2041079398_2041079406.tif,transmission_result_report_no_logo/2084101756.tif,0,screener_2,transmission_result_report_no_logo
infbio_vorgang/2505100571.tif,infbio_vorgang/2505100571.tif,1,infbio_vorgang,infbio_vorgang
infbio_vorgang/2505108335.tif,infbio_vorgang/2505100571.tif,1,infbio_vorgang,infbio_vorgang
infbio_vorgang/2505100571.tif,quality_assurance_specifications/0060031803.tif,0,infbio_vorgang,quality_assurance_specifications
infbio_vorgang/2505108335.tif,winston_and_strawn/2074824995.tif,0,infbio_vorgang,winston_and_strawn
joes_vip_headquarters_dear_valued_costumer/518219787+-9788.tif,joes_vip_headquarters_dear_valued_costumer/514879965+-9966.tif,1,joes_vip_headquarters_dear_valued_costumer,joes_vip_headquarters_dear_valued_costumer
joes_vip_headquarters_dear_valued_costumer/518219490+-9491.tif,joes_vip_headquarters_dear_valued_costumer/514879967+-9968.tif,1,joes_vip_headquarters_dear_valued_costumer,joes_vip_headquarters_dear_valued_costumer
joes_vip_headquarters_dear_valued_costumer/518219699+-9700.tif,notice_of_service_of_process/82535460.tif,0,joes_vip_headquarters_dear_valued_costumer,notice_of_service_of_process
joes_vip_headquarters_dear_valued_costumer/518301897+-1898.tif,philip_morris_confidential_blend_composition/2055013907.tif,0,joes_vip_headquarters_dear_valued_costumer,philip_morris_confidential_blend_composition
research_and_development/2057239520.tif,research_and_development/2057239519.tif,1,research_and_development,research_and_development
research_and_development/2057239519.tif,research_and_development/2057239520.tif,1,research_and_development,research_and_development
research_and_development/2057240530.tif,joes_vip_headquarters_dear_valued_costumer/518302370+-2371.tif,0,research_and_development,joes_vip_headquarters_dear_valued_costumer
research_and_development/2057240530.tif,phillip_morris_material_specification/2031296064.tif,0,research_and_development,phillip_morris_material_specification
physical_test_variables/506803133.tif,physical_test_variables/504453445_504453447.tif,1,physical_test_variables,physical_test_variables
physical_test_variables/506462663_506462665.tif,physical_test_variables/504454241.tif,1,physical_test_variables,physical_test_variables
physical_test_variables/504454241.tif,ted_bates_billing_invoice/0001219599.tif,0,physical_test_variables,ted_bates_billing_invoice
physical_test_variables/506462729.tif,factory_cigarettes/0001229949.tif,0,physical_test_variables,factory_cigarettes
facsimile_cover_sheet/2063785610.tif,facsimile_cover_sheet/2063786785_6786.tif,1,facsimile_cover_sheet,facsimile_cover_sheet
facsimile_cover_sheet/2063785610.tif,facsimile_cover_sheet/2063785610.tif,1,facsimile_cover_sheet,facsimile_cover_sheet
facsimile_cover_sheet/2063785610.tif,reynolds_production_estimate/506593674+-3674.tif,0,facsimile_cover_sheet,reynolds_production_estimate
facsimile_cover_sheet/2063785610.tif,philip_morris_letter/2084082893.tif,0,facsimile_cover_sheet,philip_morris_letter
tracking_study/2060028445.tif,tracking_study/2060040333_2060040352.tif,1,tracking_study,tracking_study
tracking_study/2060046831_2060046838.tif,tracking_study/2060028445.tif,1,tracking_study,tracking_study
tracking_study/2060038919_2060038930.tif,phillip_morris_inter-office_correspondence/2054956054_2054956055.tif,0,tracking_study,phillip_morris_inter-office_correspondence
tracking_study/2060038587.tif,competitive_information_rjreynolds/83934559.tif,0,tracking_study,competitive_information_rjreynolds
factory_cigarettes/0001229994.tif,factory_cigarettes/0001239924.tif,1,factory_cigarettes,factory_cigarettes
factory_cigarettes/0001247450.tif,factory_cigarettes/0001247610.tif,1,factory_cigarettes,factory_cigarettes
factory_cigarettes/0001229955.tif,cigarette_portifolio_screening_questionnaire/84464029_4037.tif,0,factory_cigarettes,cigarette_portifolio_screening_questionnaire
factory_cigarettes/0001239824.tif,for_kool_and_cigarette_study/0001233193.tif,0,factory_cigarettes,for_kool_and_cigarette_study
phillip_morris_material_specification/2031295980.tif,phillip_morris_material_specification/2031296018.tif,1,phillip_morris_material_specification,phillip_morris_material_specification
phillip_morris_material_specification/2031295980.tif,phillip_morris_material_specification/2031295993.tif,1,phillip_morris_material_specification,phillip_morris_material_specification
phillip_morris_material_specification/2031296018.tif,material_safety_data_sheet_2/2057408889_2057408890.tif,0,phillip_morris_material_specification,material_safety_data_sheet_2
phillip_morris_material_specification/2031296040.tif,marlboro_bar_program_contract_top_sheet/2083828834.tif,0,phillip_morris_material_specification,marlboro_bar_program_contract_top_sheet
inbifoo_monthly_report/2501660119.tif,inbifoo_monthly_report/2501661580.tif,1,inbifoo_monthly_report,inbifoo_monthly_report
inbifoo_monthly_report/2501660093_2501660118.tif,inbifoo_monthly_report/2501659808.tif,1,inbifoo_monthly_report,inbifoo_monthly_report
inbifoo_monthly_report/2501662308_2501662311.tif,a_and_b_compound_results_summary/81303301.tif,0,inbifoo_monthly_report,a_and_b_compound_results_summary
inbifoo_monthly_report/2501659407.tif,facsimile_cover_sheet/2063786785_6786.tif,0,inbifoo_monthly_report,facsimile_cover_sheet
analytical_research_division_service_request_and_data_report/2025557028.tif,analytical_research_division_service_request_and_data_report/2025557028.tif,1,analytical_research_division_service_request_and_data_report,analytical_research_division_service_request_and_data_report
analytical_research_division_service_request_and_data_report/2023781453.tif,analytical_research_division_service_request_and_data_report/2025557028.tif,1,analytical_research_division_service_request_and_data_report,analytical_research_division_service_request_and_data_report
analytical_research_division_service_request_and_data_report/2023781453.tif,phillip_morris_facsimile_form2/2075761851.tif,0,analytical_research_division_service_request_and_data_report,phillip_morris_facsimile_form2
analytical_research_division_service_request_and_data_report/2023781453.tif,unreadable_form/516520840+-0840.tif,0,analytical_research_division_service_request_and_data_report,unreadable_form
msds/2051532941.tif,msds/2051522158_2051522159.tif,1,msds,msds
msds/2051541114_2051541117.tif,msds/2053577529_2053577531.tif,1,msds,msds
msds/2051524955_2051524956.tif,unreadable_form/516520843+-0843.tif,0,msds,unreadable_form
msds/2051519542_2051519543.tif,philip_morris_by_telecopy/2084610038_0039.tif,0,msds,philip_morris_by_telecopy
greeting_followed_by_black_bar/2085796244.tif,greeting_followed_by_black_bar/2085775721.tif,1,greeting_followed_by_black_bar,greeting_followed_by_black_bar
greeting_followed_by_black_bar/2085773928.tif,greeting_followed_by_black_bar/2078722032.tif,1,greeting_followed_by_black_bar,greeting_followed_by_black_bar
greeting_followed_by_black_bar/2085800240.tif,phillip_morris_fax/2086078298.tif,0,greeting_followed_by_black_bar,phillip_morris_fax
greeting_followed_by_black_bar/2082057517.tif,inbifo_telefax/2505430398.tif,0,greeting_followed_by_black_bar,inbifo_telefax
phillip_morris_inter-office_correspondence/2074243321_3322.tif,phillip_morris_inter-office_correspondence/2054956054_2054956055.tif,1,phillip_morris_inter-office_correspondence,phillip_morris_inter-office_correspondence
phillip_morris_inter-office_correspondence/2054509094.tif,phillip_morris_inter-office_correspondence/2054500277_2054500278.tif,1,phillip_morris_inter-office_correspondence,phillip_morris_inter-office_correspondence
phillip_morris_inter-office_correspondence/2071023208_3209.tif,material_safety_data_sheet/2051541297_2051541306.tif,0,phillip_morris_inter-office_correspondence,material_safety_data_sheet
phillip_morris_inter-office_correspondence/2054956054_2054956055.tif,screener/0001211428.tif,0,phillip_morris_inter-office_correspondence,screener
inbifo_telefax/2505164012.tif,inbifo_telefax/2505406144.tif,1,inbifo_telefax,inbifo_telefax
inbifo_telefax/2505152634.tif,inbifo_telefax/2029207586.tif,1,inbifo_telefax,inbifo_telefax
inbifo_telefax/2505406683.tif,mutagenicity_evaluation_of/89391349_1364.tif,0,inbifo_telefax,mutagenicity_evaluation_of
inbifo_telefax/2505152634.tif,repocus_interview_mild/0001209710.tif,0,inbifo_telefax,repocus_interview_mild
bown_williamson_tobacco_corporation_interal_correspondence/0000974480.tif,bown_williamson_tobacco_corporation_interal_correspondence/0001457967.tif,1,bown_williamson_tobacco_corporation_interal_correspondence,bown_williamson_tobacco_corporation_interal_correspondence
bown_williamson_tobacco_corporation_interal_correspondence/0000962887.tif,bown_williamson_tobacco_corporation_interal_correspondence/0001457967.tif,1,bown_williamson_tobacco_corporation_interal_correspondence,bown_williamson_tobacco_corporation_interal_correspondence
bown_williamson_tobacco_corporation_interal_correspondence/0001457967.tif,unlabled_letter/10003997.tif,0,bown_williamson_tobacco_corporation_interal_correspondence,unlabled_letter
bown_williamson_tobacco_corporation_interal_correspondence/0000962887.tif,ted_bates_production_estimate/0001136781.tif,0,bown_williamson_tobacco_corporation_interal_correspondence,ted_bates_production_estimate
the_tobacco_institute_order/11008479.tif,the_tobacco_institute_order/ton04903.31.tif,1,the_tobacco_institute_order,the_tobacco_institute_order
the_tobacco_institute_order/tcal0392233.tif,the_tobacco_institute_order/tcal0350037_0038.tif,1,the_tobacco_institute_order,the_tobacco_institute_order
the_tobacco_institute_order/ti16310689.tif,for_kool_and_cigarette_study/0001233193.tif,0,the_tobacco_institute_order,for_kool_and_cigarette_study
the_tobacco_institute_order/13016812_13016813.tif,phillip_morris_fax/2086085585.tif,0,the_tobacco_institute_order,phillip_morris_fax
biographical_sketch/40011145-1146.tif,biographical_sketch/50460060-0061.tif,1,biographical_sketch,biographical_sketch
biographical_sketch/50490545-0546.tif,biographical_sketch/50391890-1891.tif,1,biographical_sketch,biographical_sketch
biographical_sketch/50709397-9398.tif,stress_characterization/2031536184_2031536187.tif,0,biographical_sketch,stress_characterization
biographical_sketch/50542166-2167.tif,haleton_material_safety_data_sheet/87401760_87401761.tif,0,biographical_sketch,haleton_material_safety_data_sheet
request_for_special_mailing_messenger/2065167289.tif,request_for_special_mailing_messenger/2070865025.tif,1,request_for_special_mailing_messenger,request_for_special_mailing_messenger
request_for_special_mailing_messenger/2065162135.tif,request_for_special_mailing_messenger/2063113077.tif,1,request_for_special_mailing_messenger,request_for_special_mailing_messenger
request_for_special_mailing_messenger/2063113077.tif,record_transfer_list/516523921_516523923.tif,0,request_for_special_mailing_messenger,record_transfer_list
request_for_special_mailing_messenger/2065156438.tif,screener_2/2041076199_2041076204.tif,0,request_for_special_mailing_messenger,screener_2
outdoor_estimate_summary/2070237316_7317.tif,outdoor_estimate_summary/2070237316_7317.tif,1,outdoor_estimate_summary,outdoor_estimate_summary
outdoor_estimate_summary/2070237316_7317.tif,outdoor_estimate_summary/2040799019.tif,1,outdoor_estimate_summary,outdoor_estimate_summary
outdoor_estimate_summary/2070237316_7317.tif,screener_2/2041075290_2041075298.tif,0,outdoor_estimate_summary,screener_2
outdoor_estimate_summary/2040799052_2040799053.tif,ted_bates_invoice/0001146314.tif,0,outdoor_estimate_summary,ted_bates_invoice
ted_bates_print_production_invoice/0001233621.tif,ted_bates_print_production_invoice/0001233557.tif,1,ted_bates_print_production_invoice,ted_bates_print_production_invoice
ted_bates_print_production_invoice/0001233573.tif,ted_bates_print_production_invoice/0001233660.tif,1,ted_bates_print_production_invoice,ted_bates_print_production_invoice
ted_bates_print_production_invoice/0001233535.tif,transmission_result_report_no_logo/2070708727.tif,0,ted_bates_print_production_invoice,transmission_result_report_no_logo
ted_bates_print_production_invoice/0001233639.tif,repocus_interview_mild/0001209719.tif,0,ted_bates_print_production_invoice,repocus_interview_mild
memory_storage_report/2073086839.tif,memory_storage_report/2075804547.tif,1,memory_storage_report,memory_storage_report
memory_storage_report/2074844086.tif,memory_storage_report/2074248797.tif,1,memory_storage_report,memory_storage_report
memory_storage_report/2074824468.tif,ted_bates_print_production_estimate/0001144300.tif,0,memory_storage_report,ted_bates_print_production_estimate
memory_storage_report/2077794499.tif,product_opinion_laboratory/2024001800_2024001801.tif,0,memory_storage_report,product_opinion_laboratory
phillip_morris_facsimile_form2/2075325454.tif,phillip_morris_facsimile_form2/2074827790.tif,1,phillip_morris_facsimile_form2,phillip_morris_facsimile_form2
phillip_morris_facsimile_form2/2075333610.tif,phillip_morris_facsimile_form2/2073265913.tif,1,phillip_morris_facsimile_form2,phillip_morris_facsimile_form2
phillip_morris_facsimile_form2/2075325454.tif,product_opinion_laboratory/2024002056.tif,0,phillip_morris_facsimile_form2,product_opinion_laboratory
phillip_morris_facsimile_form2/2075074300.tif,infbio_vorgang/2505104445.tif,0,phillip_morris_facsimile_form2,infbio_vorgang
ted_bates_print_production_estimate/0001144259.tif,ted_bates_print_production_estimate/0001178955.tif,1,ted_bates_print_production_estimate,ted_bates_print_production_estimate
ted_bates_print_production_estimate/0001144391.tif,ted_bates_print_production_estimate/0001144247.tif,1,ted_bates_print_production_estimate,ted_bates_print_production_estimate
ted_bates_print_production_estimate/0001178955.tif,request_for_special_mailing_messenger/2065156438.tif,0,ted_bates_print_production_estimate,request_for_special_mailing_messenger
ted_bates_print_production_estimate/0011932391.tif,basic_weight_specification/2031316074.tif,0,ted_bates_print_production_estimate,basic_weight_specification
infbio_uberprufung/2505100614_0615.tif,infbio_uberprufung/2029178828_2029178829.tif,1,infbio_uberprufung,infbio_uberprufung
infbio_uberprufung/2029270170_0171.tif,infbio_uberprufung/2505100614_0615.tif,1,infbio_uberprufung,infbio_uberprufung
infbio_uberprufung/2505104996_4997.tif,inbifoo_monthly_report/2501659407.tif,0,infbio_uberprufung,inbifoo_monthly_report
infbio_uberprufung/2505132709_2710.tif,for_kool_and_cigarette_study/0001233204.tif,0,infbio_uberprufung,for_kool_and_cigarette_study
political_campaing_contribution_request/ti16310540.tif,political_campaing_contribution_request/tnwl0007584.tif,1,political_campaing_contribution_request,political_campaing_contribution_request
political_campaing_contribution_request/tnwl0025515.tif,political_campaing_contribution_request/ti16311156.tif,1,political_campaing_contribution_request,political_campaing_contribution_request
political_campaing_contribution_request/tnwl0025005.tif,cigarrete_analysis_report/504310822+-0822.tif,0,political_campaing_contribution_request,cigarrete_analysis_report
political_campaing_contribution_request/timo0003565.tif,screener_2/2041078996.tif,0,political_campaing_contribution_request,screener_2
phillip_morris_fax/2086085716.tif,phillip_morris_fax/2086086538.tif,1,phillip_morris_fax,phillip_morris_fax
phillip_morris_fax/2086085737.tif,phillip_morris_fax/2086078298.tif,1,phillip_morris_fax,phillip_morris_fax
phillip_morris_fax/2086078298.tif,unreadable_form/516520843+-0843.tif,0,phillip_morris_fax,unreadable_form
phillip_morris_fax/2086085716.tif,final_specifications/506498111.tif,0,phillip_morris_fax,final_specifications
ted_bates_production_estimate/0001136757.tif,ted_bates_production_estimate/0001136762.tif,1,ted_bates_production_estimate,ted_bates_production_estimate
ted_bates_production_estimate/0001136666.tif,ted_bates_production_estimate/0001136717.tif,1,ted_bates_production_estimate,ted_bates_production_estimate
ted_bates_production_estimate/0001136762.tif,cigarrete_analysis_report/501370435+-0438.tif,0,ted_bates_production_estimate,cigarrete_analysis_report
ted_bates_production_estimate/0001136764.tif,ted_bates_new_york_adv/0001141020.tif,0,ted_bates_production_estimate,ted_bates_new_york_adv
mutagenicity_evaluation_of/00961884_1899.tif,mutagenicity_evaluation_of/88222148_2167.tif,1,mutagenicity_evaluation_of,mutagenicity_evaluation_of
mutagenicity_evaluation_of/89507290_7306.tif,mutagenicity_evaluation_of/00834492_4509.tif,1,mutagenicity_evaluation_of,mutagenicity_evaluation_of
mutagenicity_evaluation_of/80215025_5041.tif,unreadable_form/516520843+-0843.tif,0,mutagenicity_evaluation_of,unreadable_form
mutagenicity_evaluation_of/88952292_2309.tif,the_tobacco_institute_order/tcal0350037_0038.tif,0,mutagenicity_evaluation_of,the_tobacco_institute_order
cigarrete_study/0001227983.tif,cigarrete_study/0001228089.tif,1,cigarrete_study,cigarrete_study
cigarrete_study/0001228132.tif,cigarrete_study/0001228003.tif,1,cigarrete_study,cigarrete_study
cigarrete_study/0001228032.tif,final_specifications/506499314_506499321.tif,0,cigarrete_study,final_specifications
cigarrete_study/0001228051.tif,department_marketing_research/516522749_516522755.tif,0,cigarrete_study,department_marketing_research
product_specifications/500146535.tif,product_specifications/507328807_507328808.tif,1,product_specifications,product_specifications
product_specifications/504468712.tif,product_specifications/506068932.tif,1,product_specifications,product_specifications
product_specifications/502248290.tif,request_for_special_mailing_messenger/2075638364.tif,0,product_specifications,request_for_special_mailing_messenger
product_specifications/503122102.tif,rjreynolds_costumer_relations/518304489+-4490.tif,0,product_specifications,rjreynolds_costumer_relations
repocus_interview_mild/0001209725.tif,repocus_interview_mild/0001209718.tif,1,repocus_interview_mild,repocus_interview_mild
repocus_interview_mild/0001209725.tif,repocus_interview_mild/0001209717.tif,1,repocus_interview_mild,repocus_interview_mild
repocus_interview_mild/0001209715.tif,lorillard_invoice/94205468.tif,0,repocus_interview_mild,lorillard_invoice
repocus_interview_mild/0001209710.tif,ted_bates_print_production_invoice/0001233554.tif,0,repocus_interview_mild,ted_bates_print_production_invoice
permaflex_products_material_safety_data_sheet/2056975947_2056975949.tif,permaflex_products_material_safety_data_sheet/2056975947_2056975949.tif,1,permaflex_products_material_safety_data_sheet,permaflex_products_material_safety_data_sheet
permaflex_products_material_safety_data_sheet/2056975940_2056975942.tif,permaflex_products_material_safety_data_sheet/2056975947_2056975949.tif,1,permaflex_products_material_safety_data_sheet,permaflex_products_material_safety_data_sheet
permaflex_products_material_safety_data_sheet/2056975947_2056975949.tif,political_campaing_contribution_request/ti16310943.tif,0,permaflex_products_material_safety_data_sheet,political_campaing_contribution_request
permaflex_products_material_safety_data_sheet/2056975947_2056975949.tif,outdoor_estimate_summary/2040799052_2040799053.tif,0,permaflex_products_material_safety_data_sheet,outdoor_estimate_summary
ab_substance_description/2057124218_4221.tif,ab_substance_description/2057124458_4461.tif,1,ab_substance_description,ab_substance_description
ab_substance_description/2057124218_4221.tif,ab_substance_description/2057124331_4334.tif,1,ab_substance_description,ab_substance_description
ab_substance_description/2057124148_4151.tif,biographical_sketch/50456752-6753.tif,0,ab_substance_description,biographical_sketch
ab_substance_description/2057124053.tif,borriston_laboratories_inc_final_report/00971322_1328.tif,0,ab_substance_description,borriston_laboratories_inc_final_report
tobacco_product_test_information/504450083+-0084.tif,tobacco_product_test_information/504909416.tif,1,tobacco_product_test_information,tobacco_product_test_information
tobacco_product_test_information/504450083+-0084.tif,tobacco_product_test_information/504450083+-0084.tif,1,tobacco_product_test_information,tobacco_product_test_information
tobacco_product_test_information/504909416.tif,procter_and_gamble_material_safety_data_sheet/2056629996.tif,0,tobacco_product_test_information,procter_and_gamble_material_safety_data_sheet
tobacco_product_test_information/504450083+-0084.tif,unreadable_form/516520840+-0840.tif,0,tobacco_product_test_information,unreadable_form
ted_bates_new_york_adv/0001141009.tif,ted_bates_new_york_adv/0001140981.tif,1,ted_bates_new_york_adv,ted_bates_new_york_adv
ted_bates_new_york_adv/0001140981.tif,ted_bates_new_york_adv/0001141009.tif,1,ted_bates_new_york_adv,ted_bates_new_york_adv
ted_bates_new_york_adv/0001141020.tif,transmission_result_report_no_logo/2084102367.tif,0,ted_bates_new_york_adv,transmission_result_report_no_logo
ted_bates_new_york_adv/0001141015.tif,choice_line_postage-paid_envelope_enclosed/507691625.tif,0,ted_bates_new_york_adv,choice_line_postage-paid_envelope_enclosed
stress_characterization/2031535549_2031535552.tif,stress_characterization/2031536184_2031536187.tif,1,stress_characterization,stress_characterization
stress_characterization/2031536184_2031536187.tif,stress_characterization/2031535549_2031535552.tif,1,stress_characterization,stress_characterization
stress_characterization/2031536184_2031536187.tif,the_tobacco_institute_order/ton04903.27.tif,0,stress_characterization,the_tobacco_institute_order
stress_characterization/2031535549_2031535552.tif,aldrich_chemical_co/2057460819_2057460821.tif,0,stress_characterization,aldrich_chemical_co
cuestionario_de_aptitud/0000176496.tif,cuestionario_de_aptitud/0000176515.tif,1,cuestionario_de_aptitud,cuestionario_de_aptitud
cuestionario_de_aptitud/0000176509.tif,cuestionario_de_aptitud/0000176441.tif,1,cuestionario_de_aptitud,cuestionario_de_aptitud
cuestionario_de_aptitud/0000176436.tif,the_american_tobacco_company_memorandum_2/0060121478.tif,0,cuestionario_de_aptitud,the_american_tobacco_company_memorandum_2
cuestionario_de_aptitud/0000176459.tif,political_campaing_contribution_request/13014451.tif,0,cuestionario_de_aptitud,political_campaing_contribution_request
alpha_recognition_thresold_attribute_profile/506379641.tif,alpha_recognition_thresold_attribute_profile/506389346.tif,1,alpha_recognition_thresold_attribute_profile,alpha_recognition_thresold_attribute_profile
alpha_recognition_thresold_attribute_profile/506389295.tif,alpha_recognition_thresold_attribute_profile/506389262.tif,1,alpha_recognition_thresold_attribute_profile,alpha_recognition_thresold_attribute_profile
alpha_recognition_thresold_attribute_profile/506389362.tif,factory_cigarettes/0001229948.tif,0,alpha_recognition_thresold_attribute_profile,factory_cigarettes
alpha_recognition_thresold_attribute_profile/506389266.tif,philip_morris_letter/2075474332_4333.tif,0,alpha_recognition_thresold_attribute_profile,philip_morris_letter
ted_bates_production_bill/0001139723.tif,ted_bates_production_bill/0001139715.tif,1,ted_bates_production_bill,ted_bates_production_bill
ted_bates_production_bill/0001139576.tif,ted_bates_production_bill/0001139577.tif,1,ted_bates_production_bill,ted_bates_production_bill
ted_bates_production_bill/0001139635.tif,msds/2053578407_2053578409.tif,0,ted_bates_production_bill,msds
ted_bates_production_bill/0001139819.tif,retail_promotion_fact_sheet/2061634241_4242.tif,0,ted_bates_production_bill,retail_promotion_fact_sheet
sample_specifications_pilot_plant_work_request/0000082673.tif,sample_specifications_pilot_plant_work_request/0000052190.tif,1,sample_specifications_pilot_plant_work_request,sample_specifications_pilot_plant_work_request
sample_specifications_pilot_plant_work_request/0000080784.tif,sample_specifications_pilot_plant_work_request/0000081363.tif,1,sample_specifications_pilot_plant_work_request,sample_specifications_pilot_plant_work_request
sample_specifications_pilot_plant_work_request/0000063357.tif,inbifo_telefax/2505411616.tif,0,sample_specifications_pilot_plant_work_request,inbifo_telefax
sample_specifications_pilot_plant_work_request/0000059656.tif,lorillard_invoice/96148088a.tif,0,sample_specifications_pilot_plant_work_request,lorillard_invoice
certificate_of_insurance/2063195217.tif,certificate_of_insurance/2063195607.tif,1,certificate_of_insurance,certificate_of_insurance
certificate_of_insurance/2063195191.tif,certificate_of_insurance/2063195305.tif,1,certificate_of_insurance,certificate_of_insurance
certificate_of_insurance/2063195569.tif,record_transfer_list/516523981_516523982.tif,0,certificate_of_insurance,record_transfer_list
certificate_of_insurance/2063195191.tif,record_transfer_list/516523921_516523923.tif,0,certificate_of_insurance,record_transfer_list
the_council_for_tobacco_research/60019968.tif,the_council_for_tobacco_research/60019966.tif,1,the_council_for_tobacco_research,the_council_for_tobacco_research
the_council_for_tobacco_research/60019968.tif,the_council_for_tobacco_research/60019968.tif,1,the_council_for_tobacco_research,the_council_for_tobacco_research
the_council_for_tobacco_research/60019966.tif,reynolds_production_estimate/506593709+-3709.tif,0,the_council_for_tobacco_research,reynolds_production_estimate
the_council_for_tobacco_research/60019968.tif,philip_morris_confidential_blend_composition/2055013903.tif,0,the_council_for_tobacco_research,philip_morris_confidential_blend_composition
group_and_individual_in-life_observations/2505154851.tif,group_and_individual_in-life_observations/2505154811.tif,1,group_and_individual_in-life_observations,group_and_individual_in-life_observations
group_and_individual_in-life_observations/2505154811.tif,group_and_individual_in-life_observations/2505154866.tif,1,group_and_individual_in-life_observations,group_and_individual_in-life_observations
group_and_individual_in-life_observations/2505154393.tif,philip_morris_retailer/2062415794.tif,0,group_and_individual_in-life_observations,philip_morris_retailer
group_and_individual_in-life_observations/2505154349.tif,rjrt/516523521_516523526.tif,0,group_and_individual_in-life_observations,rjrt
unlabled_letter/CTRCONTRACTS018113-8.tif,unlabled_letter/CTRCONTRACTS017189-7.tif,1,unlabled_letter,unlabled_letter
unlabled_letter/50004666.tif,unlabled_letter/501942029.tif,1,unlabled_letter,unlabled_letter
unlabled_letter/11016264_11016265.tif,msds/2053578578_2053578581.tif,0,unlabled_letter,msds
unlabled_letter/50246610-6610.tif,mutagenicity_evaluation_of/00965378_5379.tif,0,unlabled_letter,mutagenicity_evaluation_of
procter_and_gamble_material_safety_data_sheet/2056629903_2056629904.tif,procter_and_gamble_material_safety_data_sheet/2056629966_2056629967.tif,1,procter_and_gamble_material_safety_data_sheet,procter_and_gamble_material_safety_data_sheet
procter_and_gamble_material_safety_data_sheet/2056744342.tif,procter_and_gamble_material_safety_data_sheet/2056629911.tif,1,procter_and_gamble_material_safety_data_sheet,procter_and_gamble_material_safety_data_sheet
procter_and_gamble_material_safety_data_sheet/2056744111_2056744112.tif,record_transfer_list/516523981_516523982.tif,0,procter_and_gamble_material_safety_data_sheet,record_transfer_list
procter_and_gamble_material_safety_data_sheet/2056631660_2056631661.tif,philip_morris_confidential_blend_composition/2055013929.tif,0,procter_and_gamble_material_safety_data_sheet,philip_morris_confidential_blend_composition
order_form_for_support_the_law_materials/515240206+-0206.tif,order_form_for_support_the_law_materials/515240210+-0210.tif,1,order_form_for_support_the_law_materials,order_form_for_support_the_law_materials
order_form_for_support_the_law_materials/515240240+-0240.tif,order_form_for_support_the_law_materials/515240248+-0248.tif,1,order_form_for_support_the_law_materials,order_form_for_support_the_law_materials
order_form_for_support_the_law_materials/515240074+-0075.tif,report_p_klinchem/2505300843.tif,0,order_form_for_support_the_law_materials,report_p_klinchem
order_form_for_support_the_law_materials/515240205+-0205.tif,microbiological_associates_invoice/87104266.tif,0,order_form_for_support_the_law_materials,microbiological_associates_invoice
the_american_tobacco_company_production_specifications/0001431768.tif,the_american_tobacco_company_production_specifications/0011920182.tif,1,the_american_tobacco_company_production_specifications,the_american_tobacco_company_production_specifications
the_american_tobacco_company_production_specifications/0011909457.tif,the_american_tobacco_company_production_specifications/0011909787.tif,1,the_american_tobacco_company_production_specifications,the_american_tobacco_company_production_specifications
the_american_tobacco_company_production_specifications/0011920216.tif,material_safery_data_sheet_3/2057438021_2057438022.tif,0,the_american_tobacco_company_production_specifications,material_safery_data_sheet_3
the_american_tobacco_company_production_specifications/0011920252.tif,inbifo_telefax/2505406144.tif,0,the_american_tobacco_company_production_specifications,inbifo_telefax
philip_morris_facsimile_transmission/2074211200.tif,philip_morris_facsimile_transmission/2077876331.tif,1,philip_morris_facsimile_transmission,philip_morris_facsimile_transmission
philip_morris_facsimile_transmission/2075327115.tif,philip_morris_facsimile_transmission/2078153069.tif,1,philip_morris_facsimile_transmission,philip_morris_facsimile_transmission
philip_morris_facsimile_transmission/2074675409.tif,cigarrete_study_viceroy_raleigh/0001227380.tif,0,philip_morris_facsimile_transmission,cigarrete_study_viceroy_raleigh
philip_morris_facsimile_transmission/2072812669.tif,infbio_uberprufung/2029178887_8888.tif,0,philip_morris_facsimile_transmission,infbio_uberprufung
leo_burnett_production_cost/2045467460.tif,leo_burnett_production_cost/2045467672.tif,1,leo_burnett_production_cost,leo_burnett_production_cost
leo_burnett_production_cost/2045467678.tif,leo_burnett_production_cost/2040649884.tif,1,leo_burnett_production_cost,leo_burnett_production_cost
leo_burnett_production_cost/2045467874_2045467877.tif,document_control_project/0000169656.tif,0,leo_burnett_production_cost,document_control_project
leo_burnett_production_cost/2045468020.tif,winston_dear_valued_costumer/515949662+-9663.tif,0,leo_burnett_production_cost,winston_dear_valued_costumer
contribution_request/tcal0349983.tif,contribution_request/tcal0349915.tif,1,contribution_request,contribution_request
contribution_request/tnwl0044120.tif,contribution_request/tcal0350012.tif,1,contribution_request,contribution_request
contribution_request/tnwl0034337.tif,screener/0001211428.tif,0,contribution_request,screener
contribution_request/tnwl0044188.tif,phillip_morris_material_specification/2031295938.tif,0,contribution_request,phillip_morris_material_specification
material_safety_data_sheet/2051541297_2051541306.tif,material_safety_data_sheet/2051539923_2051539933.tif,1,material_safety_data_sheet,material_safety_data_sheet
material_safety_data_sheet/2051542161.tif,material_safety_data_sheet/2051539923_2051539933.tif,1,material_safety_data_sheet,material_safety_data_sheet
material_safety_data_sheet/2051542161.tif,biographical_sketch/50612137-2138.tif,0,material_safety_data_sheet,biographical_sketch
material_safety_data_sheet/2051541752_2051541762.tif,analytical_information/504525437.tif,0,material_safety_data_sheet,analytical_information
transmission_result_report_no_logo/2070708255.tif,transmission_result_report_no_logo/2084101756.tif,1,transmission_result_report_no_logo,transmission_result_report_no_logo
transmission_result_report_no_logo/2084090679.tif,transmission_result_report_no_logo/2070708727.tif,1,transmission_result_report_no_logo,transmission_result_report_no_logo
transmission_result_report_no_logo/2084090903.tif,ab_substance_description/2057124218_4221.tif,0,transmission_result_report_no_logo,ab_substance_description
transmission_result_report_no_logo/2070260685.tif,please_tell_us_what_you_think/518292918+-2919.tif,0,transmission_result_report_no_logo,please_tell_us_what_you_think
reynolds_production_estimate/506593709+-3709.tif,reynolds_production_estimate/506593724+-3724.tif,1,reynolds_production_estimate,reynolds_production_estimate
reynolds_production_estimate/506593701+-3701.tif,reynolds_production_estimate/506593709+-3709.tif,1,reynolds_production_estimate,reynolds_production_estimate
reynolds_production_estimate/506593700+-3700.tif,repocus_interview_mild/0001209727.tif,0,reynolds_production_estimate,repocus_interview_mild
reynolds_production_estimate/506593674+-3674.tif,certificate_of_insurance/2063195217.tif,0,reynolds_production_estimate,certificate_of_insurance
notice_of_service_of_process/82139817.tif,notice_of_service_of_process/82535460.tif,1,notice_of_service_of_process,notice_of_service_of_process
notice_of_service_of_process/82139817.tif,notice_of_service_of_process/82139817.tif,1,notice_of_service_of_process,notice_of_service_of_process
notice_of_service_of_process/82535460.tif,tracking_study/2060040322_2060040332.tif,0,notice_of_service_of_process,tracking_study
notice_of_service_of_process/82535460.tif,consumer_promotion_fact_sheet/505758993+-8996.tif,0,notice_of_service_of_process,consumer_promotion_fact_sheet
permaflexn_material_safety_data/2057486794_2057486795.tif,permaflexn_material_safety_data/2057412047_2057412048.tif,1,permaflexn_material_safety_data,permaflexn_material_safety_data
permaflexn_material_safety_data/2057487104_2057487105.tif,permaflexn_material_safety_data/2057412040_2057412041.tif,1,permaflexn_material_safety_data,permaflexn_material_safety_data
permaflexn_material_safety_data/2057461151_2057461152.tif,record_transfer_list/516523023_516523026.tif,0,permaflexn_material_safety_data,record_transfer_list
permaflexn_material_safety_data/2057486794_2057486795.tif,material_safery_data_sheet_3/2057467441_2057467442.tif,0,permaflexn_material_safety_data,material_safery_data_sheet_3
retail_promotion_fact_sheet/2045829982_9983.tif,retail_promotion_fact_sheet/2061634241_4242.tif,1,retail_promotion_fact_sheet,retail_promotion_fact_sheet
retail_promotion_fact_sheet/2061634241_4242.tif,retail_promotion_fact_sheet/2045829982_9983.tif,1,retail_promotion_fact_sheet,retail_promotion_fact_sheet
retail_promotion_fact_sheet/2045829982_9983.tif,tobacco_product_test_information/504450083+-0084.tif,0,retail_promotion_fact_sheet,tobacco_product_test_information
retail_promotion_fact_sheet/2045829982_9983.tif,p_lorillard_company_research_division/89088862.tif,0,retail_promotion_fact_sheet,p_lorillard_company_research_division
record_transfer_list/516523981_516523982.tif,record_transfer_list/516523023_516523026.tif,1,record_transfer_list,record_transfer_list
record_transfer_list/516523981_516523982.tif,record_transfer_list/516523921_516523923.tif,1,record_transfer_list,record_transfer_list
record_transfer_list/516523023_516523026.tif,a_and_b_compound_results_summary/81303281.tif,0,record_transfer_list,a_and_b_compound_results_summary
record_transfer_list/516523981_516523982.tif,competitive_information_rjreynolds/83934559.tif,0,record_transfer_list,competitive_information_rjreynolds
marketing_plans/0000016731.tif,marketing_plans/0000013742.tif,1,marketing_plans,marketing_plans
marketing_plans/0000013742.tif,marketing_plans/0000013742.tif,1,marketing_plans,marketing_plans
marketing_plans/0000013742.tif,unreadable_form/516520843+-0843.tif,0,marketing_plans,unreadable_form
marketing_plans/0000016731.tif,bown_williamson_tobacco_corporation_interal_correspondence/0011975051.tif,0,marketing_plans,bown_williamson_tobacco_corporation_interal_correspondence
cigarette_portifolio_screening_questionnaire/84458752_8758.tif,cigarette_portifolio_screening_questionnaire/84463804_3812.tif,1,cigarette_portifolio_screening_questionnaire,cigarette_portifolio_screening_questionnaire
cigarette_portifolio_screening_questionnaire/84464419_4427.tif,cigarette_portifolio_screening_questionnaire/84458710_8716.tif,1,cigarette_portifolio_screening_questionnaire,cigarette_portifolio_screening_questionnaire
cigarette_portifolio_screening_questionnaire/84464827_4835.tif,department_marketing_research/516522749_516522755.tif,0,cigarette_portifolio_screening_questionnaire,department_marketing_research
cigarette_portifolio_screening_questionnaire/84458710_8716.tif,healthy_buildings_international/2029377643.tif,0,cigarette_portifolio_screening_questionnaire,healthy_buildings_international
please_tell_us_what_you_think/518216708+-6709.tif,please_tell_us_what_you_think/522677579+-7580.tif,1,please_tell_us_what_you_think,please_tell_us_what_you_think
please_tell_us_what_you_think/522814377+-4378.tif,please_tell_us_what_you_think/522749947+-9948.tif,1,please_tell_us_what_you_think,please_tell_us_what_you_think
please_tell_us_what_you_think/522677601+-7602.tif,records_control_form/2051146210.tif,0,please_tell_us_what_you_think,records_control_form
please_tell_us_what_you_think/522677610+-7611.tif,inbifo_telefax/2505415270.tif,0,please_tell_us_what_you_think,inbifo_telefax
competitive_information_rjreynolds/83934559.tif,competitive_information_rjreynolds/86373691.tif,1,competitive_information_rjreynolds,competitive_information_rjreynolds
competitive_information_rjreynolds/83934559.tif,competitive_information_rjreynolds/86373691.tif,1,competitive_information_rjreynolds,competitive_information_rjreynolds
competitive_information_rjreynolds/83934559.tif,department_marketing_research/516522749_516522755.tif,0,competitive_information_rjreynolds,department_marketing_research
competitive_information_rjreynolds/86373691.tif,inbifo_telefax/2505430396.tif,0,competitive_information_rjreynolds,inbifo_telefax
image_not_avaible_online/2057032661.tif,image_not_avaible_online/89688434.tif,1,image_not_avaible_online,image_not_avaible_online
image_not_avaible_online/2058091493.tif,image_not_avaible_online/2053375393.tif,1,image_not_avaible_online,image_not_avaible_online
image_not_avaible_online/2057032661.tif,greeting_followed_by_black_bar/2085775721.tif,0,image_not_avaible_online,greeting_followed_by_black_bar
image_not_avaible_online/2058091342.tif,ted_bates_invoice/0001146302.tif,0,image_not_avaible_online,ted_bates_invoice
borriston_laboratories_inc_final_report/00830942_00830958.tif,borriston_laboratories_inc_final_report/00836801_6807.tif,1,borriston_laboratories_inc_final_report,borriston_laboratories_inc_final_report
borriston_laboratories_inc_final_report/00971033_1049.tif,borriston_laboratories_inc_final_report/85695404_5430.tif,1,borriston_laboratories_inc_final_report,borriston_laboratories_inc_final_report
borriston_laboratories_inc_final_report/00960978_0991.tif,quality_assurance_specifications/0060031803.tif,0,borriston_laboratories_inc_final_report,quality_assurance_specifications
borriston_laboratories_inc_final_report/00836759_6766.tif,facsimile_cover_sheet/2063785610.tif,0,borriston_laboratories_inc_final_report,facsimile_cover_sheet
brown_and_williamson_tobacco_corporation/0012189674.tif,brown_and_williamson_tobacco_corporation/0011832834.tif,1,brown_and_williamson_tobacco_corporation,brown_and_williamson_tobacco_corporation
brown_and_williamson_tobacco_corporation/0011832861.tif,brown_and_williamson_tobacco_corporation/0011832935.tif,1,brown_and_williamson_tobacco_corporation,brown_and_williamson_tobacco_corporation
brown_and_williamson_tobacco_corporation/0011832786.tif,political_campaing_contribution_request/ti16310546.tif,0,brown_and_williamson_tobacco_corporation,political_campaing_contribution_request
brown_and_williamson_tobacco_corporation/0011832786.tif,research_and_development/2057239519.tif,0,brown_and_williamson_tobacco_corporation,research_and_development
corporate_manufacturing_specifications_system/0001482703.tif,corporate_manufacturing_specifications_system/0001482916.tif,1,corporate_manufacturing_specifications_system,corporate_manufacturing_specifications_system
corporate_manufacturing_specifications_system/0001482690.tif,corporate_manufacturing_specifications_system/0001482917.tif,1,corporate_manufacturing_specifications_system,corporate_manufacturing_specifications_system
corporate_manufacturing_specifications_system/0001482917.tif,material_safery_data_sheet_3/2057467409_2057467410.tif,0,corporate_manufacturing_specifications_system,material_safery_data_sheet_3
corporate_manufacturing_specifications_system/0001482916.tif,cigarrete_analysis_report/504470761+-0761.tif,0,corporate_manufacturing_specifications_system,cigarrete_analysis_report
rjreynolds_costumer_relations/522705224+-5225.tif,rjreynolds_costumer_relations/522705200+-5201.tif,1,rjreynolds_costumer_relations,rjreynolds_costumer_relations
rjreynolds_costumer_relations/522768534+-8535.tif,rjreynolds_costumer_relations/522749407+-9408.tif,1,rjreynolds_costumer_relations,rjreynolds_costumer_relations
rjreynolds_costumer_relations/518294717+-4718.tif,cigarrete_study/0001227922.tif,0,rjreynolds_costumer_relations,cigarrete_study
rjreynolds_costumer_relations/522705222+-5223.tif,quality_assurance_specifications/0011908982.tif,0,rjreynolds_costumer_relations,quality_assurance_specifications
philip_morris_retailer/2061869041.tif,philip_morris_retailer/2062415794.tif,1,philip_morris_retailer,philip_morris_retailer
philip_morris_retailer/2062415794.tif,philip_morris_retailer/2061869041.tif,1,philip_morris_retailer,philip_morris_retailer
philip_morris_retailer/2061869041.tif,corporate_manufacturing_specifications_system/0001482703.tif,0,philip_morris_retailer,corporate_manufacturing_specifications_system
philip_morris_retailer/2064915268.tif,cigarrete_portifolio_ad_test/0001223906.tif,0,philip_morris_retailer,cigarrete_portifolio_ad_test
analytical_information/504566293.tif,analytical_information/504571722+-1722.tif,1,analytical_information,analytical_information
analytical_information/504557522.tif,analytical_information/504552710.tif,1,analytical_information,analytical_information
analytical_information/504565328+-5328.tif,infbio_vorgang/2505108335.tif,0,analytical_information,infbio_vorgang
analytical_information/504525686.tif,please_tell_us_what_you_think/518139532+-9533.tif,0,analytical_information,please_tell_us_what_you_think
product_opinion_laboratory/2024002382_2024002383.tif,product_opinion_laboratory/2024002272_2024002273.tif,1,product_opinion_laboratory,product_opinion_laboratory
product_opinion_laboratory/2024001699_2024001700.tif,product_opinion_laboratory/2024002272_2024002273.tif,1,product_opinion_laboratory,product_opinion_laboratory
product_opinion_laboratory/2024002224_2024002225.tif,group_and_individual_in-life_observations/2505154557.tif,0,product_opinion_laboratory,group_and_individual_in-life_observations
product_opinion_laboratory/2024002288_2024002289.tif,cigarette_portifolio_screening_questionnaire/84459329_9335.tif,0,product_opinion_laboratory,cigarette_portifolio_screening_questionnaire
ted_bates_billing_invoice/0001219604.tif,ted_bates_billing_invoice/0001219599.tif,1,ted_bates_billing_invoice,ted_bates_billing_invoice
ted_bates_billing_invoice/0001219599.tif,ted_bates_billing_invoice/0001219604.tif,1,ted_bates_billing_invoice,ted_bates_billing_invoice
ted_bates_billing_invoice/0001219604.tif,philip_morris_confidential_blend_composition/2055013919.tif,0,ted_bates_billing_invoice,philip_morris_confidential_blend_composition
ted_bates_billing_invoice/0001219604.tif,biographical_sketch/50443011-3012.tif,0,ted_bates_billing_invoice,biographical_sketch
leo_burnett_estimate_recap/2040798981_2040798984.tif,leo_burnett_estimate_recap/2040765843.tif,1,leo_burnett_estimate_recap,leo_burnett_estimate_recap
leo_burnett_estimate_recap/2040855517.tif,leo_burnett_estimate_recap/2040956340.tif,1,leo_burnett_estimate_recap,leo_burnett_estimate_recap
leo_burnett_estimate_recap/2040956144.tif,cigarrete_study/0001228149.tif,0,leo_burnett_estimate_recap,cigarrete_study
leo_burnett_estimate_recap/2040956309_2040956315.tif,original_message/2078858905a.tif,0,leo_burnett_estimate_recap,original_message
p_lorillard_company_research_division/89088862.tif,p_lorillard_company_research_division/89088022_89088023.tif,1,p_lorillard_company_research_division,p_lorillard_company_research_division
p_lorillard_company_research_division/89088071.tif,p_lorillard_company_research_division/89088022_89088023.tif,1,p_lorillard_company_research_division,p_lorillard_company_research_division
p_lorillard_company_research_division/89088862.tif,consumer_promotion_fact_sheet/505758993+-8996.tif,0,p_lorillard_company_research_division,consumer_promotion_fact_sheet
p_lorillard_company_research_division/89088862.tif,ted_bates_billing_invoice/0001219599.tif,0,p_lorillard_company_research_division,ted_bates_billing_invoice
consumer_promotion_fact_sheet/505758993+-8996.tif,consumer_promotion_fact_sheet/505758993+-8996.tif,1,consumer_promotion_fact_sheet,consumer_promotion_fact_sheet
consumer_promotion_fact_sheet/506200795_506200798.tif,consumer_promotion_fact_sheet/505758993+-8996.tif,1,consumer_promotion_fact_sheet,consumer_promotion_fact_sheet
consumer_promotion_fact_sheet/505758993+-8996.tif,test_specifications_final_report/508212573.tif,0,consumer_promotion_fact_sheet,test_specifications_final_report
consumer_promotion_fact_sheet/505758993+-8996.tif,tracking_study/2060028445.tif,0,consumer_promotion_fact_sheet,tracking_study
ted_bates_export/0001219517.tif,ted_bates_export/0001219672.tif,1,ted_bates_export,ted_bates_export
ted_bates_export/0001219517.tif,ted_bates_export/0001219548.tif,1,ted_bates_export,ted_bates_export
ted_bates_export/0001219564.tif,department_marketing_research/516522399+-2409.tif,0,ted_bates_export,department_marketing_research
ted_bates_export/0001219695.tif,competitive_information_rjreynolds/83934559.tif,0,ted_bates_export,competitive_information_rjreynolds
healthy_buildings_international/2029377643.tif,healthy_buildings_international/2029370351.tif,1,healthy_buildings_international,healthy_buildings_international
healthy_buildings_international/2029370099.tif,healthy_buildings_international/2029370387.tif,1,healthy_buildings_international,healthy_buildings_international
healthy_buildings_international/2029377724.tif,test_specifications_final_report/508615872_508615879.tif,0,healthy_buildings_international,test_specifications_final_report
healthy_buildings_international/2029377724.tif,unlabled_letter/CTRCONTRACTS017189-7.tif,0,healthy_buildings_international,unlabled_letter
ted_bates_print_production_estimate_2/0001233987.tif,ted_bates_print_production_estimate_2/0001234081.tif,1,ted_bates_print_production_estimate_2,ted_bates_print_production_estimate_2
ted_bates_print_production_estimate_2/0001233905.tif,ted_bates_print_production_estimate_2/0001234036.tif,1,ted_bates_print_production_estimate_2,ted_bates_print_production_estimate_2
ted_bates_print_production_estimate_2/0001234068.tif,ted_bates_print_production_estimate/0001144226.tif,0,ted_bates_print_production_estimate_2,ted_bates_print_production_estimate
ted_bates_print_production_estimate_2/0001234072.tif,notice_of_service_of_process/82535460.tif,0,ted_bates_print_production_estimate_2,notice_of_service_of_process
philip_morris_by_telecopy/2080503712_3714.tif,philip_morris_by_telecopy/2084610060_0061.tif,1,philip_morris_by_telecopy,philip_morris_by_telecopy
philip_morris_by_telecopy/2084610238_0239.tif,philip_morris_by_telecopy/2084068248_8249.tif,1,philip_morris_by_telecopy,philip_morris_by_telecopy
philip_morris_by_telecopy/2070708298_8299.tif,repocus_interview_mild/0001209719.tif,0,philip_morris_by_telecopy,repocus_interview_mild
philip_morris_by_telecopy/2084609838_9839.tif,the_tobacco_institute_order/tcal0349620_9621.tif,0,philip_morris_by_telecopy,the_tobacco_institute_order
product_or_material_change_request/2055402039.tif,product_or_material_change_request/2051762801.tif,1,product_or_material_change_request,product_or_material_change_request
product_or_material_change_request/2055402039.tif,product_or_material_change_request/2051762801.tif,1,product_or_material_change_request,product_or_material_change_request
product_or_material_change_request/2055402039.tif,political_campaing_contribution_request/timo0003565.tif,0,product_or_material_change_request,political_campaing_contribution_request
product_or_material_change_request/2055402039.tif,repocus_interview_mild/0001209726.tif,0,product_or_material_change_request,repocus_interview_mild
final_specifications/519364161+-4166.tif,final_specifications/506498111.tif,1,final_specifications,final_specifications
final_specifications/506507776_506507782.tif,final_specifications/512060874.tif,1,final_specifications,final_specifications
final_specifications/506466383_506466393.tif,physical_test_variables/504454241.tif,0,final_specifications,physical_test_variables
final_specifications/506507776_506507782.tif,philip_morris_retailer/2061869041.tif,0,final_specifications,philip_morris_retailer
marlboro_bar_program_contract_top_sheet/2084365684.tif,marlboro_bar_program_contract_top_sheet/2083824727.tif,1,marlboro_bar_program_contract_top_sheet,marlboro_bar_program_contract_top_sheet
marlboro_bar_program_contract_top_sheet/2083866281.tif,marlboro_bar_program_contract_top_sheet/2083854379.tif,1,marlboro_bar_program_contract_top_sheet,marlboro_bar_program_contract_top_sheet
marlboro_bar_program_contract_top_sheet/2084365684.tif,material_safety_data_sheet/2051541297_2051541306.tif,0,marlboro_bar_program_contract_top_sheet,material_safety_data_sheet
marlboro_bar_program_contract_top_sheet/2083825186.tif,p_lorillard_company_research_division/89088022_89088023.tif,0,marlboro_bar_program_contract_top_sheet,p_lorillard_company_research_division
dialog/0001217470.tif,dialog/0001217437.tif,1,dialog,dialog
dialog/0001217462.tif,dialog/0001217470.tif,1,dialog,dialog
dialog/0001217417.tif,group_and_individual_in-life_observations/2505154202.tif,0,dialog,group_and_individual_in-life_observations
dialog/0001217426.tif,please_tell_us_what_you_think/522677581+-7582.tif,0,dialog,please_tell_us_what_you_think
records_control_form/2051161268_2051161269.tif,records_control_form/2051146210.tif,1,records_control_form,records_control_form
records_control_form/2051146210.tif,records_control_form/2051146210.tif,1,records_control_form,records_control_form
records_control_form/2051161268_2051161269.tif,ted_bates_billing_invoice/0001219604.tif,0,records_control_form,ted_bates_billing_invoice
records_control_form/2051146210.tif,permaflex_products_material_safety_data_sheet/2056975947_2056975949.tif,0,records_control_form,permaflex_products_material_safety_data_sheet
90-day_inhalation_study_on_rats/2064752487_2489.tif,90-day_inhalation_study_on_rats/2063644792_2063644794.tif,1,90-day_inhalation_study_on_rats,90-day_inhalation_study_on_rats
90-day_inhalation_study_on_rats/2063644792_2063644794.tif,90-day_inhalation_study_on_rats/2064752487_2489.tif,1,90-day_inhalation_study_on_rats,90-day_inhalation_study_on_rats
90-day_inhalation_study_on_rats/2064752487_2489.tif,borriston_laboratories_inc_final_report/88198787_8793.tif,0,90-day_inhalation_study_on_rats,borriston_laboratories_inc_final_report
90-day_inhalation_study_on_rats/2064752487_2489.tif,research_and_development/2057240530.tif,0,90-day_inhalation_study_on_rats,research_and_development
project_description/89259625.tif,project_description/88523708.tif,1,project_description,project_description
project_description/87839909.tif,project_description/89481730.tif,1,project_description,project_description
project_description/83487667.tif,brown_and_williamson_tobacco_corporation/0011832968.tif,0,project_description,brown_and_williamson_tobacco_corporation
project_description/98703946.tif,stress_characterization/2031535549_2031535552.tif,0,project_description,stress_characterization
the_american_tobacco_company_memorandum_2/0060170358.tif,the_american_tobacco_company_memorandum_2/0013483364.tif,1,the_american_tobacco_company_memorandum_2,the_american_tobacco_company_memorandum_2
the_american_tobacco_company_memorandum_2/0060073750.tif,the_american_tobacco_company_memorandum_2/0013483364.tif,1,the_american_tobacco_company_memorandum_2,the_american_tobacco_company_memorandum_2
the_american_tobacco_company_memorandum_2/0013483364.tif,marlboro_bar_program_contract_top_sheet/2083871059.tif,0,the_american_tobacco_company_memorandum_2,marlboro_bar_program_contract_top_sheet
the_american_tobacco_company_memorandum_2/0060026647.tif,leo_burnett_production_cost/2045467375.tif,0,the_american_tobacco_company_memorandum_2,leo_burnett_production_cost
ted_bates_invoice/0001146282.tif,ted_bates_invoice/0001146313.tif,1,ted_bates_invoice,ted_bates_invoice
ted_bates_invoice/0001146273.tif,ted_bates_invoice/0001146294.tif,1,ted_bates_invoice,ted_bates_invoice
ted_bates_invoice/0001146279.tif,haleton_material_safety_data_sheet/87401768_87401769.tif,0,ted_bates_invoice,haleton_material_safety_data_sheet
ted_bates_invoice/0001146273.tif,research_and_development/2057239519.tif,0,ted_bates_invoice,research_and_development
material_safety_data_sheet_2/2057445385_2057445386.tif,material_safety_data_sheet_2/2051534061_2051534062.tif,1,material_safety_data_sheet_2,material_safety_data_sheet_2
material_safety_data_sheet_2/2051534065_2051534066.tif,material_safety_data_sheet_2/2057409492_2057409493.tif,1,material_safety_data_sheet_2,material_safety_data_sheet_2
material_safety_data_sheet_2/2051534061_2051534062.tif,bown_williamson_tobacco_corporation_interal_correspondence/0000962887.tif,0,material_safety_data_sheet_2,bown_williamson_tobacco_corporation_interal_correspondence
material_safety_data_sheet_2/2051519666_2051519667.tif,ted_bates_invoice/0001146314.tif,0,material_safety_data_sheet_2,ted_bates_invoice
for_kool_and_cigarette_study/0001233198.tif,for_kool_and_cigarette_study/0001233189.tif,1,for_kool_and_cigarette_study,for_kool_and_cigarette_study
for_kool_and_cigarette_study/0001233198.tif,for_kool_and_cigarette_study/0001233179.tif,1,for_kool_and_cigarette_study,for_kool_and_cigarette_study
for_kool_and_cigarette_study/0001233184.tif,certificate_of_insurance/2063195240.tif,0,for_kool_and_cigarette_study,certificate_of_insurance
for_kool_and_cigarette_study/0001233181.tif,memory_storage_report/2075049549.tif,0,for_kool_and_cigarette_study,memory_storage_report
winston_dear_valued_costumer/518292776+-2776.tif,winston_dear_valued_costumer/514879060+-9061.tif,1,winston_dear_valued_costumer,winston_dear_valued_costumer
winston_dear_valued_costumer/515949312+-9313.tif,winston_dear_valued_costumer/518227425+-7426.tif,1,winston_dear_valued_costumer,winston_dear_valued_costumer
winston_dear_valued_costumer/518226762+-6763.tif,national_consensus_survey/01840427_0431.tif,0,winston_dear_valued_costumer,national_consensus_survey
winston_dear_valued_costumer/518292702+-2703.tif,ted_bates_print_production_estimate/0001144247.tif,0,winston_dear_valued_costumer,ted_bates_print_production_estimate
winston_and_strawn/2077786657.tif,winston_and_strawn/2074824995.tif,1,winston_and_strawn,winston_and_strawn
winston_and_strawn/2074824995.tif,winston_and_strawn/2077795791.tif,1,winston_and_strawn,winston_and_strawn
winston_and_strawn/2077786657.tif,philip_morris_facsimile_transmission/2077811946.tif,0,winston_and_strawn,philip_morris_facsimile_transmission
winston_and_strawn/2074684567.tif,leo_burnett_production_cost/2045468018.tif,0,winston_and_strawn,leo_burnett_production_cost
test_specifications_final_report/508934876.tif,test_specifications_final_report/508615923.tif,1,test_specifications_final_report,test_specifications_final_report
test_specifications_final_report/512410048_512410053.tif,test_specifications_final_report/508584453.tif,1,test_specifications_final_report,test_specifications_final_report
test_specifications_final_report/508615872_508615879.tif,ted_bates_print_production_invoice/0001233597.tif,0,test_specifications_final_report,ted_bates_print_production_invoice
test_specifications_final_report/508598359.tif,microbiological_associates_invoice/87103742.tif,0,test_specifications_final_report,microbiological_associates_invoice
philip_morris_letter/2084102226_2227.tif,philip_morris_letter/2086078947_8948.tif,1,philip_morris_letter,philip_morris_letter
philip_morris_letter/2084082875.tif,philip_morris_letter/2040764899.tif,1,philip_morris_letter,philip_morris_letter
philip_morris_letter/2084082711.tif,for_kool_and_cigarette_study/0001233179.tif,0,philip_morris_letter,for_kool_and_cigarette_study
philip_morris_letter/2040742249.tif,leo_burnett_estimate_recap/2041718908_2041718912.tif,0,philip_morris_letter,leo_burnett_estimate_recap
screener/0001211428.tif,screener/0001211426.tif,1,screener,screener
screener/0001211428.tif,screener/0001211476.tif,1,screener,screener
screener/0001211426.tif,notice_of_service_of_process/82535460.tif,0,screener,notice_of_service_of_process
screener/0001211426.tif,competitive_information_rjreynolds/83934559.tif,0,screener,competitive_information_rjreynolds
aldrich_chemical_co/2057483007_2057483008.tif,aldrich_chemical_co/2057488762_2057488764.tif,1,aldrich_chemical_co,aldrich_chemical_co
aldrich_chemical_co/2051520180_2051520181.tif,aldrich_chemical_co/2057456786.tif,1,aldrich_chemical_co,aldrich_chemical_co
aldrich_chemical_co/2057488316_2057488318.tif,kabat_application_record/2025572246_2247.tif,0,aldrich_chemical_co,kabat_application_record
aldrich_chemical_co/2057486045_2057486046.tif,notice_of_service_of_process/82535460.tif,0,aldrich_chemical_co,notice_of_service_of_process
rjrt/516523521_516523526.tif,rjrt/516523574.tif,1,rjrt,rjrt
rjrt/516523521_516523526.tif,rjrt/516523885_516523889.tif,1,rjrt,rjrt
rjrt/516523521_516523526.tif,greeting_followed_by_black_bar/2085774785.tif,0,rjrt,greeting_followed_by_black_bar
rjrt/516523574.tif,facsimile_cover_sheet/2084345189.tif,0,rjrt,facsimile_cover_sheet
choice_line_postage-paid_envelope_enclosed/507691659_507691660.tif,choice_line_postage-paid_envelope_enclosed/507691621.tif,1,choice_line_postage-paid_envelope_enclosed,choice_line_postage-paid_envelope_enclosed
choice_line_postage-paid_envelope_enclosed/507691731.tif,choice_line_postage-paid_envelope_enclosed/507691693_507691694.tif,1,choice_line_postage-paid_envelope_enclosed,choice_line_postage-paid_envelope_enclosed
choice_line_postage-paid_envelope_enclosed/507691701_507691702.tif,image_not_avaible_online/2057032651.tif,0,choice_line_postage-paid_envelope_enclosed,image_not_avaible_online
choice_line_postage-paid_envelope_enclosed/507691715_507691716.tif,phillip_morris_fax/2086086316.tif,0,choice_line_postage-paid_envelope_enclosed,phillip_morris_fax
the_american_tobacco_company_memorandum/0060166970.tif,the_american_tobacco_company_memorandum/0060146066.tif,1,the_american_tobacco_company_memorandum,the_american_tobacco_company_memorandum
the_american_tobacco_company_memorandum/0060178852.tif,the_american_tobacco_company_memorandum/0060166970.tif,1,the_american_tobacco_company_memorandum,the_american_tobacco_company_memorandum
the_american_tobacco_company_memorandum/0060178353.tif,for_kool_and_cigarette_study/0001233190.tif,0,the_american_tobacco_company_memorandum,for_kool_and_cigarette_study
the_american_tobacco_company_memorandum/0060146066.tif,bown_williamson_tobacco_corporation_interal_correspondence/0011975051.tif,0,the_american_tobacco_company_memorandum,bown_williamson_tobacco_corporation_interal_correspondence
unreadable_form/516520840+-0840.tif,unreadable_form/516520843+-0843.tif,1,unreadable_form,unreadable_form
unreadable_form/516520840+-0840.tif,unreadable_form/516520843+-0843.tif,1,unreadable_form,unreadable_form
unreadable_form/516520843+-0843.tif,material_safery_data_sheet_3/2057438019_2057438020.tif,0,unreadable_form,material_safery_data_sheet_3
unreadable_form/516520843+-0843.tif,department_marketing_research/516522399+-2409.tif,0,unreadable_form,department_marketing_research
department_marketing_research/516522706_516522708.tif,department_marketing_research/516522399+-2409.tif,1,department_marketing_research,department_marketing_research
department_marketing_research/516522749_516522755.tif,department_marketing_research/516522399+-2409.tif,1,department_marketing_research,department_marketing_research
department_marketing_research/516522706_516522708.tif,ted_bates_production_bill/0001139835.tif,0,department_marketing_research,ted_bates_production_bill
department_marketing_research/516522706_516522708.tif,contribution_request/tnwl0034327.tif,0,department_marketing_research,contribution_request
philip_morris_confidential_blend_composition/2055013929.tif,philip_morris_confidential_blend_composition/2055013907.tif,1,philip_morris_confidential_blend_composition,philip_morris_confidential_blend_composition
philip_morris_confidential_blend_composition/2055013907.tif,philip_morris_confidential_blend_composition/2055013701.tif,1,philip_morris_confidential_blend_composition,philip_morris_confidential_blend_composition
philip_morris_confidential_blend_composition/2055013893.tif,department_marketing_research/516522749_516522755.tif,0,philip_morris_confidential_blend_composition,department_marketing_research
philip_morris_confidential_blend_composition/2055013903.tif,material_safety_data_sheet/2051531646.tif,0,philip_morris_confidential_blend_composition,material_safety_data_sheet
confidential_product_development/0060298409.tif,confidential_product_development/0060296702.tif,1,confidential_product_development,confidential_product_development
confidential_product_development/0060296700.tif,confidential_product_development/0071085958.tif,1,confidential_product_development,confidential_product_development
confidential_product_development/0060296700.tif,lorillard_invoice/96148088a.tif,0,confidential_product_development,lorillard_invoice
confidential_product_development/0060298409.tif,tobacco_product_test_information/504450083+-0084.tif,0,confidential_product_development,tobacco_product_test_information
a_and_b_compound_results_summary/81303942.tif,a_and_b_compound_results_summary/81305360.tif,1,a_and_b_compound_results_summary,a_and_b_compound_results_summary
a_and_b_compound_results_summary/81305184.tif,a_and_b_compound_results_summary/81303720.tif,1,a_and_b_compound_results_summary,a_and_b_compound_results_summary
a_and_b_compound_results_summary/81303586.tif,consumer_promotion_fact_sheet/505758993+-8996.tif,0,a_and_b_compound_results_summary,consumer_promotion_fact_sheet
a_and_b_compound_results_summary/81303599.tif,physical_test_variables/504486650.tif,0,a_and_b_compound_results_summary,physical_test_variables
national_consensus_survey/01838185.tif,national_consensus_survey/01833991_3995.tif,1,national_consensus_survey,national_consensus_survey
national_consensus_survey/01834054_4058.tif,national_consensus_survey/01836010_6014.tif,1,national_consensus_survey,national_consensus_survey
national_consensus_survey/01837275_7279.tif,permaflexn_material_safety_data/2057486794_2057486795.tif,0,national_consensus_survey,permaflexn_material_safety_data
national_consensus_survey/01835453_5457.tif,consumer_promotion_fact_sheet/505758993+-8996.tif,0,national_consensus_survey,consumer_promotion_fact_sheet
basic_weight_specification/2031315295.tif,basic_weight_specification/2031315252.tif,1,basic_weight_specification,basic_weight_specification
basic_weight_specification/2031301038.tif,basic_weight_specification/2031316347.tif,1,basic_weight_specification,basic_weight_specification
basic_weight_specification/2031315105.tif,analytical_information/504528331.tif,0,basic_weight_specification,analytical_information
basic_weight_specification/2031299957.tif,rjreynolds_costumer_relations/522749405+-9406.tif,0,basic_weight_specification,rjreynolds_costumer_relations
haleton_material_safety_data_sheet/87403585_87403586.tif,haleton_material_safety_data_sheet/87401218_87401219.tif,1,haleton_material_safety_data_sheet,haleton_material_safety_data_sheet
haleton_material_safety_data_sheet/87403585_87403586.tif,haleton_material_safety_data_sheet/87401218_87401219.tif,1,haleton_material_safety_data_sheet,haleton_material_safety_data_sheet
haleton_material_safety_data_sheet/87401760_87401761.tif,procter_and_gamble_material_safety_data_sheet/2056629903_2056629904.tif,0,haleton_material_safety_data_sheet,procter_and_gamble_material_safety_data_sheet
haleton_material_safety_data_sheet/87401013_87401014.tif,greeting_followed_by_black_bar/2076716914.tif,0,haleton_material_safety_data_sheet,greeting_followed_by_black_bar
specifications_for_BRAND/2058031017.tif,specifications_for_BRAND/2058030880.tif,1,specifications_for_BRAND,specifications_for_BRAND
specifications_for_BRAND/2058031031.tif,specifications_for_BRAND/2058030990.tif,1,specifications_for_BRAND,specifications_for_BRAND
specifications_for_BRAND/2058030945.tif,healthy_buildings_international/2029370242.tif,0,specifications_for_BRAND,healthy_buildings_international
specifications_for_BRAND/2058031031.tif,repocus_interview_mild/0001209719.tif,0,specifications_for_BRAND,repocus_interview_mild
quality_assurance_specifications/0060024499.tif,quality_assurance_specifications/0060031798.tif,1,quality_assurance_specifications,quality_assurance_specifications
quality_assurance_specifications/0060024499.tif,quality_assurance_specifications/0011908971.tif,1,quality_assurance_specifications,quality_assurance_specifications
quality_assurance_specifications/0011908968.tif,phillip_morris_material_specification/2031295993.tif,0,quality_assurance_specifications,phillip_morris_material_specification
quality_assurance_specifications/0060024499.tif,msds/2051532941.tif,0,quality_assurance_specifications,msds
material_safery_data_sheet_3/2057438019_2057438020.tif,material_safery_data_sheet_3/2057438003_2057438004.tif,1,material_safery_data_sheet_3,material_safery_data_sheet_3
material_safery_data_sheet_3/2057467409_2057467410.tif,material_safery_data_sheet_3/2057438021_2057438022.tif,1,material_safery_data_sheet_3,material_safery_data_sheet_3
material_safery_data_sheet_3/2057438017_2057438018.tif,bown_williamson_tobacco_corporation_interal_correspondence/0011975051.tif,0,material_safery_data_sheet_3,bown_williamson_tobacco_corporation_interal_correspondence
material_safery_data_sheet_3/2057467441_2057467442.tif,phillip_morris_inter-office_correspondence/2054500277_2054500278.tif,0,material_safery_data_sheet_3,phillip_morris_inter-office_correspondence
document_control_project/0000169656.tif,document_control_project/0000169657.tif,1,document_control_project,document_control_project
document_control_project/0000168142.tif,document_control_project/0000169656.tif,1,document_control_project,document_control_project
document_control_project/0000169656.tif,ted_bates_print_production_estimate_2/0001234030.tif,0,document_control_project,ted_bates_print_production_estimate_2
document_control_project/0000169657.tif,factory_cigarettes/0001229994.tif,0,document_control_project,factory_cigarettes
repocus_interview/0001231605.tif,repocus_interview/0001231607.tif,1,repocus_interview,repocus_interview
repocus_interview/0001231607.tif,repocus_interview/0001231567.tif,1,repocus_interview,repocus_interview
repocus_interview/0001231595.tif,image_not_avaible_online/2058091388.tif,0,repocus_interview,image_not_avaible_online
repocus_interview/0001231605.tif,image_not_avaible_online/2050280096.tif,0,repocus_interview,image_not_avaible_online
ted_bates_export_invoice/0001219583.tif,ted_bates_export_invoice/0001219608.tif,1,ted_bates_export_invoice,ted_bates_export_invoice
ted_bates_export_invoice/0001219586.tif,ted_bates_export_invoice/0001219608.tif,1,ted_bates_export_invoice,ted_bates_export_invoice
ted_bates_export_invoice/0001219608.tif,research_and_development/2057239520.tif,0,ted_bates_export_invoice,research_and_development
ted_bates_export_invoice/0001219728.tif,please_tell_us_what_you_think/522749957+-9958.tif,0,ted_bates_export_invoice,please_tell_us_what_you_think
kabat_application_record/2025572246_2247.tif,kabat_application_record/2025572250_2252.tif,1,kabat_application_record,kabat_application_record
kabat_application_record/2025572246_2247.tif,kabat_application_record/2025572250_2252.tif,1,kabat_application_record,kabat_application_record
kabat_application_record/2025572250_2252.tif,ted_bates_billing_invoice/0001219604.tif,0,kabat_application_record,ted_bates_billing_invoice
kabat_application_record/2025572250_2252.tif,greeting_followed_by_black_bar/2085775754.tif,0,kabat_application_record,greeting_followed_by_black_bar
cigarrete_portifolio_ad_test/0001223895.tif,cigarrete_portifolio_ad_test/0001223877.tif,1,cigarrete_portifolio_ad_test,cigarrete_portifolio_ad_test
cigarrete_portifolio_ad_test/0001223908.tif,cigarrete_portifolio_ad_test/0001223877.tif,1,cigarrete_portifolio_ad_test,cigarrete_portifolio_ad_test
cigarrete_portifolio_ad_test/0001223902.tif,rjrt/516523574.tif,0,cigarrete_portifolio_ad_test,rjrt
cigarrete_portifolio_ad_test/0001223901.tif,ted_bates_print_production_estimate_2/0001234030.tif,0,cigarrete_portifolio_ad_test,ted_bates_print_production_estimate_2
lorillard_invoice/94205468.tif,lorillard_invoice/96148088a.tif,1,lorillard_invoice,lorillard_invoice
lorillard_invoice/96148088a.tif,lorillard_invoice/94205468.tif,1,lorillard_invoice,lorillard_invoice
lorillard_invoice/94205468.tif,corporate_manufacturing_specifications_system/0001482690.tif,0,lorillard_invoice,corporate_manufacturing_specifications_system
lorillard_invoice/96148088a.tif,ted_bates_billing_invoice/0001219599.tif,0,lorillard_invoice,ted_bates_billing_invoice
cigarrete_analysis_report/504470692+-0692.tif,cigarrete_analysis_report/500975954+-5954.tif,1,cigarrete_analysis_report,cigarrete_analysis_report
cigarrete_analysis_report/504470761+-0761.tif,cigarrete_analysis_report/504470692+-0692.tif,1,cigarrete_analysis_report,cigarrete_analysis_report
cigarrete_analysis_report/500975950+-5950.tif,confidential_product_development/0060296700.tif,0,cigarrete_analysis_report,confidential_product_development
cigarrete_analysis_report/504470692+-0692.tif,ted_bates_production_estimate/0001136458.tif,0,cigarrete_analysis_report,ted_bates_production_estimate
report_p_klinchem/2505300843.tif,report_p_klinchem/2505300843.tif,1,report_p_klinchem,report_p_klinchem
report_p_klinchem/2505300843.tif,report_p_klinchem/2505377746.tif,1,report_p_klinchem,report_p_klinchem
report_p_klinchem/2505377746.tif,repocus_interview_mild/0001209721.tif,0,report_p_klinchem,repocus_interview_mild
report_p_klinchem/2505300835.tif,brown_and_williamson_tobacco_corporation/0011832861.tif,0,report_p_klinchem,brown_and_williamson_tobacco_corporation
original_message/2085108064d_8065.tif,original_message/2080182515a.tif,1,original_message,original_message
original_message/2085798973a.tif,original_message/2085798745a.tif,1,original_message,original_message
original_message/2082927556a.tif,unreadable_form/516520843+-0843.tif,0,original_message,unreadable_form
original_message/2064207033c.tif,notice_of_service_of_process/82139817.tif,0,original_message,notice_of_service_of_process
cigarrete_study_viceroy_raleigh/0001227386.tif,cigarrete_study_viceroy_raleigh/0001227390.tif,1,cigarrete_study_viceroy_raleigh,cigarrete_study_viceroy_raleigh
cigarrete_study_viceroy_raleigh/0001227378.tif,cigarrete_study_viceroy_raleigh/0001227384.tif,1,cigarrete_study_viceroy_raleigh,cigarrete_study_viceroy_raleigh
cigarrete_study_viceroy_raleigh/0001227376.tif,group_and_individual_in-life_observations/2505160008.tif,0,cigarrete_study_viceroy_raleigh,group_and_individual_in-life_observations
cigarrete_study_viceroy_raleigh/0001227377.tif,cigarrete_portifolio_ad_test/0001223896.tif,0,cigarrete_study_viceroy_raleigh,cigarrete_portifolio_ad_test
